<?xml version="1.0" encoding="UTF-8"?>
<project-private xmlns="http://www.netbeans.org/ns/project-private/1">
    <editor-bookmarks xmlns="http://www.netbeans.org/ns/editor-bookmarks/2" lastBookmarkId="0"/>
    <open-files xmlns="http://www.netbeans.org/ns/projectui-open-files/2">
        <group>
            <file>file:/F:/AirlineBD%20-%20Copy/AirlineBD%20-%20Copy/src/airlineUser.java</file>
            <file>file:/F:/AirlineBD%20-%20Copy/AirlineBD%20-%20Copy/src/Forgot.java</file>
            <file>file:/F:/AirlineBD%20-%20Copy/AirlineBD%20-%20Copy/src/Dashboard.java</file>
            <file>file:/F:/AirlineBD%20-%20Copy/AirlineBD%20-%20Copy/src/Credit_Card.java</file>
            <file>file:/F:/AirlineBD%20-%20Copy/AirlineBD%20-%20Copy/src/Login.java</file>
            <file>file:/F:/AirlineBD%20-%20Copy/AirlineBD%20-%20Copy/src/Payment_Option.java</file>
            <file>file:/F:/AirlineBD%20-%20Copy/AirlineBD%20-%20Copy/src/Search_Flight_Details.java</file>
            <file>file:/F:/AirlineBD%20-%20Copy/AirlineBD%20-%20Copy/src/Signup.java</file>
            <file>file:/F:/AirlineBD%20-%20Copy/AirlineBD%20-%20Copy/src/Add_Flight_Details.java</file>
            <file>file:/F:/AirlineBD%20-%20Copy/AirlineBD%20-%20Copy/src/Home.java</file>
        </group>
    </open-files>
</project-private>
